id,label,date,l_scc,r_scc,l_scc_class,r_scc_class,full_path,crop_path
2,1,2023-12-06,2971003,51685,4,1,data\raw\TIDS Dataset\TIDS_full_images\scm\2.jpg,data\raw\TIDS Dataset\TIDS_cropped\scm\2.jpg
3,1,2023-12-06,4553077,2362513,4,4,data\raw\TIDS Dataset\TIDS_full_images\scm\3.jpg,data\raw\TIDS Dataset\TIDS_cropped\scm\3.jpg
11,1,2023-12-06,1804760,82770,3,1,data\raw\TIDS Dataset\TIDS_full_images\scm\11.jpg,data\raw\TIDS Dataset\TIDS_cropped\scm\11.jpg
13,1,2023-12-06,430951,5065047,2,5,data\raw\TIDS Dataset\TIDS_full_images\scm\13.jpg,data\raw\TIDS Dataset\TIDS_cropped\scm\13.jpg
14,1,2023-12-06,3516080,736572,4,3,data\raw\TIDS Dataset\TIDS_full_images\scm\14.jpg,data\raw\TIDS Dataset\TIDS_cropped\scm\14.jpg
15,1,2023-12-06,61622,2849533,1,4,data\raw\TIDS Dataset\TIDS_full_images\scm\15.jpg,data\raw\TIDS Dataset\TIDS_cropped\scm\15.jpg
16,0,2024-01-17,282000,137000,2,1,data\raw\TIDS Dataset\TIDS_full_images\healthy\16.jpg,data\raw\TIDS Dataset\TIDS_cropped\healthy\16.jpg
17,0,2024-01-17,288000,364000,2,2,data\raw\TIDS Dataset\TIDS_full_images\healthy\17.jpg,data\raw\TIDS Dataset\TIDS_cropped\healthy\17.jpg
23,1,2024-01-17,10767000,76000,5,1,data\raw\TIDS Dataset\TIDS_full_images\scm\23.jpg,data\raw\TIDS Dataset\TIDS_cropped\scm\23.jpg
26,0,2024-01-17,83000,81000,1,1,data\raw\TIDS Dataset\TIDS_full_images\healthy\26.jpg,data\raw\TIDS Dataset\TIDS_cropped\healthy\26.jpg
31,0,2024-01-17,33000,85000,1,1,data\raw\TIDS Dataset\TIDS_full_images\healthy\31.jpg,data\raw\TIDS Dataset\TIDS_cropped\healthy\31.jpg
32,1,2024-01-17,8303000,364000,5,2,data\raw\TIDS Dataset\TIDS_full_images\scm\32.jpg,data\raw\TIDS Dataset\TIDS_cropped\scm\32.jpg
36,0,2024-01-17,191000,51000,1,1,data\raw\TIDS Dataset\TIDS_full_images\healthy\36.jpg,data\raw\TIDS Dataset\TIDS_cropped\healthy\36.jpg
37,1,2024-01-17,6537000,170000,5,1,data\raw\TIDS Dataset\TIDS_full_images\scm\37.jpg,data\raw\TIDS Dataset\TIDS_cropped\scm\37.jpg
39,1,2024-01-17,176000,9994000,1,5,data\raw\TIDS Dataset\TIDS_full_images\scm\39.jpg,data\raw\TIDS Dataset\TIDS_cropped\scm\39.jpg
42,1,2024-02-15,1562961,3384809,4,4,data\raw\TIDS Dataset\TIDS_full_images\scm\42.jpg,data\raw\TIDS Dataset\TIDS_cropped\scm\42.jpg
45,1,2024-02-15,15514434,243500,5,1,data\raw\TIDS Dataset\TIDS_full_images\scm\45.jpg,data\raw\TIDS Dataset\TIDS_cropped\scm\45.jpg
46,1,2024-02-15,52545,7037526,1,5,data\raw\TIDS Dataset\TIDS_full_images\scm\46.jpg,data\raw\TIDS Dataset\TIDS_cropped\scm\46.jpg
47,1,2024-02-15,2406804,8811650,4,5,data\raw\TIDS Dataset\TIDS_full_images\scm\47.jpg,data\raw\TIDS Dataset\TIDS_cropped\scm\47.jpg
51,1,2024-02-15,2244984,3158388,4,4,data\raw\TIDS Dataset\TIDS_full_images\scm\51.jpg,data\raw\TIDS Dataset\TIDS_cropped\scm\51.jpg
52,1,2024-02-15,2099554,268430,4,1,data\raw\TIDS Dataset\TIDS_full_images\scm\52.jpg,data\raw\TIDS Dataset\TIDS_cropped\scm\52.jpg
53,0,2024-02-15,63855,91793,1,1,data\raw\TIDS Dataset\TIDS_full_images\healthy\53.jpg,data\raw\TIDS Dataset\TIDS_cropped\healthy\53.jpg
58,1,2024-02-15,7788092,660608,5,3,data\raw\TIDS Dataset\TIDS_full_images\scm\58.jpg,data\raw\TIDS Dataset\TIDS_cropped\scm\58.jpg
60,1,2024-02-15,14823791,132656,5,1,data\raw\TIDS Dataset\TIDS_full_images\scm\60.jpg,data\raw\TIDS Dataset\TIDS_cropped\scm\60.jpg
63,0,2024-02-15,42742,67708,1,1,data\raw\TIDS Dataset\TIDS_full_images\healthy\63.jpg,data\raw\TIDS Dataset\TIDS_cropped\healthy\63.jpg
64,1,2024-02-15,1208000,6318000,3,5,data\raw\TIDS Dataset\TIDS_full_images\scm\64.jpg,data\raw\TIDS Dataset\TIDS_cropped\scm\64.jpg
66,1,2024-02-15,132000,736000,1,3,data\raw\TIDS Dataset\TIDS_full_images\scm\66.jpg,data\raw\TIDS Dataset\TIDS_cropped\scm\66.jpg
74,0,2004-02-20,99121,107028,1,1,data\raw\TIDS Dataset\TIDS_full_images\healthy\74.jpg,data\raw\TIDS Dataset\TIDS_cropped\healthy\74.jpg
77,1,2004-02-20,482990,2329708,2,4,data\raw\TIDS Dataset\TIDS_full_images\scm\77.jpg,data\raw\TIDS Dataset\TIDS_cropped\scm\77.jpg
78,1,2004-02-20,530741,196335,3,1,data\raw\TIDS Dataset\TIDS_full_images\scm\78.jpg,data\raw\TIDS Dataset\TIDS_cropped\scm\78.jpg
79,0,2004-02-20,45695,69096,1,1,data\raw\TIDS Dataset\TIDS_full_images\healthy\79.jpg,data\raw\TIDS Dataset\TIDS_cropped\healthy\79.jpg
81,1,2004-02-20,177368,1735317,1,4,data\raw\TIDS Dataset\TIDS_full_images\scm\81.jpg,data\raw\TIDS Dataset\TIDS_cropped\scm\81.jpg
83,1,2004-02-20,2265838,197239,4,1,data\raw\TIDS Dataset\TIDS_full_images\scm\83.jpg,data\raw\TIDS Dataset\TIDS_cropped\scm\83.jpg
84,0,2004-02-20,157093,62925,1,1,data\raw\TIDS Dataset\TIDS_full_images\healthy\84.jpg,data\raw\TIDS Dataset\TIDS_cropped\healthy\84.jpg
85,0,2004-02-20,71975,55129,1,1,data\raw\TIDS Dataset\TIDS_full_images\healthy\85.jpg,data\raw\TIDS Dataset\TIDS_cropped\healthy\85.jpg
86,0,2004-02-20,136829,73207,1,1,data\raw\TIDS Dataset\TIDS_full_images\healthy\86.jpg,data\raw\TIDS Dataset\TIDS_cropped\healthy\86.jpg
87,1,2004-02-20,81565,3253955,1,4,data\raw\TIDS Dataset\TIDS_full_images\scm\87.jpg,data\raw\TIDS Dataset\TIDS_cropped\scm\87.jpg
88,1,2004-02-20,1564281,65594,3,1,data\raw\TIDS Dataset\TIDS_full_images\scm\88.jpg,data\raw\TIDS Dataset\TIDS_cropped\scm\88.jpg
91,0,2004-02-20,50763,100475,1,1,data\raw\TIDS Dataset\TIDS_full_images\healthy\91.jpg,data\raw\TIDS Dataset\TIDS_cropped\healthy\91.jpg
93,1,2004-02-20,1837407,179660,4,1,data\raw\TIDS Dataset\TIDS_full_images\scm\93.jpg,data\raw\TIDS Dataset\TIDS_cropped\scm\93.jpg
94,1,2004-02-20,3310541,3002541,4,4,data\raw\TIDS Dataset\TIDS_full_images\scm\94.jpg,data\raw\TIDS Dataset\TIDS_cropped\scm\94.jpg
97,1,2024-02-26,4349545,130003,4,1,data\raw\TIDS Dataset\TIDS_full_images\scm\97.jpg,data\raw\TIDS Dataset\TIDS_cropped\scm\97.jpg
98,1,2024-02-26,908632,22823,3,1,data\raw\TIDS Dataset\TIDS_full_images\scm\98.jpg,data\raw\TIDS Dataset\TIDS_cropped\scm\98.jpg
105,0,2024-02-26,27656,69839,1,1,data\raw\TIDS Dataset\TIDS_full_images\healthy\105.jpg,data\raw\TIDS Dataset\TIDS_cropped\healthy\105.jpg
109,0,2024-02-26,70314,179258,1,1,data\raw\TIDS Dataset\TIDS_full_images\healthy\109.jpg,data\raw\TIDS Dataset\TIDS_cropped\healthy\109.jpg
111,1,2024-02-26,40647,1058987,1,3,data\raw\TIDS Dataset\TIDS_full_images\scm\111.jpg,data\raw\TIDS Dataset\TIDS_cropped\scm\111.jpg
112,1,2024-02-26,1830997,97773,4,1,data\raw\TIDS Dataset\TIDS_full_images\scm\112.jpg,data\raw\TIDS Dataset\TIDS_cropped\scm\112.jpg
115,1,2024-02-26,1643653,3018633,4,4,data\raw\TIDS Dataset\TIDS_full_images\scm\115.jpg,data\raw\TIDS Dataset\TIDS_cropped\scm\115.jpg
116,0,2024-02-26,41132,82428,1,1,data\raw\TIDS Dataset\TIDS_full_images\healthy\116.jpg,data\raw\TIDS Dataset\TIDS_cropped\healthy\116.jpg
120,1,2024-02-26,4046003,456779,4,2,data\raw\TIDS Dataset\TIDS_full_images\scm\120.jpg,data\raw\TIDS Dataset\TIDS_cropped\scm\120.jpg
122,1,2024-02-26,1430895,1385063,3,3,data\raw\TIDS Dataset\TIDS_full_images\scm\122.jpg,data\raw\TIDS Dataset\TIDS_cropped\scm\122.jpg
126,1,2024-02-26,2842023,197443,4,1,data\raw\TIDS Dataset\TIDS_full_images\scm\126.jpg,data\raw\TIDS Dataset\TIDS_cropped\scm\126.jpg
127,1,2024-02-26,7763261,5663685,5,5,data\raw\TIDS Dataset\TIDS_full_images\scm\127.jpg,data\raw\TIDS Dataset\TIDS_cropped\scm\127.jpg
128,0,2024-02-26,85021,85691,1,1,data\raw\TIDS Dataset\TIDS_full_images\healthy\128.jpg,data\raw\TIDS Dataset\TIDS_cropped\healthy\128.jpg
129,0,2024-02-26,71630,100210,1,1,data\raw\TIDS Dataset\TIDS_full_images\healthy\129.jpg,data\raw\TIDS Dataset\TIDS_cropped\healthy\129.jpg
130,0,2024-02-26,60107,95227,1,1,data\raw\TIDS Dataset\TIDS_full_images\healthy\130.jpg,data\raw\TIDS Dataset\TIDS_cropped\healthy\130.jpg
133,1,2024-02-26,1550861,143774,4,1,data\raw\TIDS Dataset\TIDS_full_images\scm\133.jpg,data\raw\TIDS Dataset\TIDS_cropped\scm\133.jpg
136,1,2024-02-26,7054903,414680,5,2,data\raw\TIDS Dataset\TIDS_full_images\scm\136.jpg,data\raw\TIDS Dataset\TIDS_cropped\scm\136.jpg
137,1,2024-02-26,1757783,69467,4,1,data\raw\TIDS Dataset\TIDS_full_images\scm\137.jpg,data\raw\TIDS Dataset\TIDS_cropped\scm\137.jpg
143,0,2024-02-28,48568,48204,1,1,data\raw\TIDS Dataset\TIDS_full_images\healthy\143.jpg,data\raw\TIDS Dataset\TIDS_cropped\healthy\143.jpg
147,0,2024-02-28,118525,62377,1,1,data\raw\TIDS Dataset\TIDS_full_images\healthy\147.jpg,data\raw\TIDS Dataset\TIDS_cropped\healthy\147.jpg
148,0,2024-02-28,61349,143091,1,1,data\raw\TIDS Dataset\TIDS_full_images\healthy\148.jpg,data\raw\TIDS Dataset\TIDS_cropped\healthy\148.jpg
152,0,2024-02-28,349362,244481,2,1,data\raw\TIDS Dataset\TIDS_full_images\healthy\152.jpg,data\raw\TIDS Dataset\TIDS_cropped\healthy\152.jpg
153,1,2024-02-28,1637058,6271824,4,5,data\raw\TIDS Dataset\TIDS_full_images\scm\153.jpg,data\raw\TIDS Dataset\TIDS_cropped\scm\153.jpg
155,0,2024-02-28,41566,21125,1,1,data\raw\TIDS Dataset\TIDS_full_images\healthy\155.jpg,data\raw\TIDS Dataset\TIDS_cropped\healthy\155.jpg
158,1,2024-02-28,1390669,39282,3,1,data\raw\TIDS Dataset\TIDS_full_images\scm\158.jpg,data\raw\TIDS Dataset\TIDS_cropped\scm\158.jpg
160,1,2024-02-28,24190,605977,1,3,data\raw\TIDS Dataset\TIDS_full_images\scm\160.jpg,data\raw\TIDS Dataset\TIDS_cropped\scm\160.jpg
161,0,2024-02-28,19935,29541,1,1,data\raw\TIDS Dataset\TIDS_full_images\healthy\161.jpg,data\raw\TIDS Dataset\TIDS_cropped\healthy\161.jpg
168,0,2024-02-28,20233,21046,1,1,data\raw\TIDS Dataset\TIDS_full_images\healthy\168.jpg,data\raw\TIDS Dataset\TIDS_cropped\healthy\168.jpg
170,0,2024-02-28,27213,30916,1,1,data\raw\TIDS Dataset\TIDS_full_images\healthy\170.jpg,data\raw\TIDS Dataset\TIDS_cropped\healthy\170.jpg
172,0,2024-02-28,29881,13027,1,1,data\raw\TIDS Dataset\TIDS_full_images\healthy\172.jpg,data\raw\TIDS Dataset\TIDS_cropped\healthy\172.jpg
175,0,2024-03-13,75350,68958,1,1,data\raw\TIDS Dataset\TIDS_full_images\healthy\175.jpg,data\raw\TIDS Dataset\TIDS_cropped\healthy\175.jpg
176,0,2024-03-13,58900,96423,1,1,data\raw\TIDS Dataset\TIDS_full_images\healthy\176.jpg,data\raw\TIDS Dataset\TIDS_cropped\healthy\176.jpg
177,1,2024-03-13,1049773,29830,3,1,data\raw\TIDS Dataset\TIDS_full_images\scm\177.jpg,data\raw\TIDS Dataset\TIDS_cropped\scm\177.jpg
178,0,2024-03-13,63028,83657,1,1,data\raw\TIDS Dataset\TIDS_full_images\healthy\178.jpg,data\raw\TIDS Dataset\TIDS_cropped\healthy\178.jpg
180,0,2024-03-13,59201,17853,1,1,data\raw\TIDS Dataset\TIDS_full_images\healthy\180.jpg,data\raw\TIDS Dataset\TIDS_cropped\healthy\180.jpg
182,0,2024-03-13,18760,22651,1,1,data\raw\TIDS Dataset\TIDS_full_images\healthy\182.jpg,data\raw\TIDS Dataset\TIDS_cropped\healthy\182.jpg
183,0,2024-03-13,34014,105080,1,1,data\raw\TIDS Dataset\TIDS_full_images\healthy\183.jpg,data\raw\TIDS Dataset\TIDS_cropped\healthy\183.jpg
184,0,2024-03-13,88213,70472,1,1,data\raw\TIDS Dataset\TIDS_full_images\healthy\184.jpg,data\raw\TIDS Dataset\TIDS_cropped\healthy\184.jpg
186,1,2024-03-13,1824593,30780,4,1,data\raw\TIDS Dataset\TIDS_full_images\scm\186.jpg,data\raw\TIDS Dataset\TIDS_cropped\scm\186.jpg
188,0,2024-03-13,156979,50109,1,1,data\raw\TIDS Dataset\TIDS_full_images\healthy\188.jpg,data\raw\TIDS Dataset\TIDS_cropped\healthy\188.jpg
190,0,2024-03-13,30284,151101,1,1,data\raw\TIDS Dataset\TIDS_full_images\healthy\190.jpg,data\raw\TIDS Dataset\TIDS_cropped\healthy\190.jpg
194,0,2024-03-13,166540,95344,1,1,data\raw\TIDS Dataset\TIDS_full_images\healthy\194.jpg,data\raw\TIDS Dataset\TIDS_cropped\healthy\194.jpg
196,0,2024-03-13,28716,49720,1,1,data\raw\TIDS Dataset\TIDS_full_images\healthy\196.jpg,data\raw\TIDS Dataset\TIDS_cropped\healthy\196.jpg
197,0,2024-03-13,48748,43537,1,1,data\raw\TIDS Dataset\TIDS_full_images\healthy\197.jpg,data\raw\TIDS Dataset\TIDS_cropped\healthy\197.jpg
198,0,2024-03-13,53425,77152,1,1,data\raw\TIDS Dataset\TIDS_full_images\healthy\198.jpg,data\raw\TIDS Dataset\TIDS_cropped\healthy\198.jpg
201,1,2024-03-13,372610,1889905,2,4,data\raw\TIDS Dataset\TIDS_full_images\scm\201.jpg,data\raw\TIDS Dataset\TIDS_cropped\scm\201.jpg
209,1,2024-03-19,688290,76223,3,1,data\raw\TIDS Dataset\TIDS_full_images\scm\209.jpg,data\raw\TIDS Dataset\TIDS_cropped\scm\209.jpg
211,0,2024-03-19,129379,61278,1,1,data\raw\TIDS Dataset\TIDS_full_images\healthy\211.jpg,data\raw\TIDS Dataset\TIDS_cropped\healthy\211.jpg
212,1,2024-03-19,689422,17846,3,1,data\raw\TIDS Dataset\TIDS_full_images\scm\212.jpg,data\raw\TIDS Dataset\TIDS_cropped\scm\212.jpg
214,1,2024-03-19,1012286,6370,3,1,data\raw\TIDS Dataset\TIDS_full_images\scm\214.jpg,data\raw\TIDS Dataset\TIDS_cropped\scm\214.jpg
225,1,2024-03-19,8302713,114715,5,1,data\raw\TIDS Dataset\TIDS_full_images\scm\225.jpg,data\raw\TIDS Dataset\TIDS_cropped\scm\225.jpg
227,1,2024-03-19,4360024,1602841,4,4,data\raw\TIDS Dataset\TIDS_full_images\scm\227.jpg,data\raw\TIDS Dataset\TIDS_cropped\scm\227.jpg
228,1,2024-03-19,540046,21092,3,1,data\raw\TIDS Dataset\TIDS_full_images\scm\228.jpg,data\raw\TIDS Dataset\TIDS_cropped\scm\228.jpg
233,0,2024-03-19,34661,86904,1,1,data\raw\TIDS Dataset\TIDS_full_images\healthy\233.jpg,data\raw\TIDS Dataset\TIDS_cropped\healthy\233.jpg
234,0,2024-03-19,115255,69202,1,1,data\raw\TIDS Dataset\TIDS_full_images\healthy\234.jpg,data\raw\TIDS Dataset\TIDS_cropped\healthy\234.jpg
236,1,2024-03-19,204398,1358146,1,3,data\raw\TIDS Dataset\TIDS_full_images\scm\236.jpg,data\raw\TIDS Dataset\TIDS_cropped\scm\236.jpg
237,0,2024-03-19,73695,61376,1,1,data\raw\TIDS Dataset\TIDS_full_images\healthy\237.jpg,data\raw\TIDS Dataset\TIDS_cropped\healthy\237.jpg
240,1,2024-03-19,15653,2560561,1,4,data\raw\TIDS Dataset\TIDS_full_images\scm\240.jpg,data\raw\TIDS Dataset\TIDS_cropped\scm\240.jpg
245,1,2024-04-16,625408,58540,3,1,data\raw\TIDS Dataset\TIDS_full_images\scm\245.jpg,data\raw\TIDS Dataset\TIDS_cropped\scm\245.jpg
251,1,2024-04-16,5148638,205916,5,1,data\raw\TIDS Dataset\TIDS_full_images\scm\251.jpg,data\raw\TIDS Dataset\TIDS_cropped\scm\251.jpg
253,1,2024-04-16,4323580,48910,4,1,data\raw\TIDS Dataset\TIDS_full_images\scm\253.jpg,data\raw\TIDS Dataset\TIDS_cropped\scm\253.jpg
260,1,2024-04-16,3157886,104617,4,1,data\raw\TIDS Dataset\TIDS_full_images\scm\260.jpg,data\raw\TIDS Dataset\TIDS_cropped\scm\260.jpg
262,0,2024-04-16,72668,52804,1,1,data\raw\TIDS Dataset\TIDS_full_images\healthy\262.jpg,data\raw\TIDS Dataset\TIDS_cropped\healthy\262.jpg
265,0,2024-04-16,12918,32969,1,1,data\raw\TIDS Dataset\TIDS_full_images\healthy\265.jpg,data\raw\TIDS Dataset\TIDS_cropped\healthy\265.jpg
275,0,2024-04-16,187157,182903,1,1,data\raw\TIDS Dataset\TIDS_full_images\healthy\275.jpg,data\raw\TIDS Dataset\TIDS_cropped\healthy\275.jpg
276,1,2024-04-16,887975,33437,3,1,data\raw\TIDS Dataset\TIDS_full_images\scm\276.jpg,data\raw\TIDS Dataset\TIDS_cropped\scm\276.jpg
278,1,2024-04-16,58332,1756873,1,4,data\raw\TIDS Dataset\TIDS_full_images\scm\278.jpg,data\raw\TIDS Dataset\TIDS_cropped\scm\278.jpg
280,0,2024-04-16,145893,140516,1,1,data\raw\TIDS Dataset\TIDS_full_images\healthy\280.jpg,data\raw\TIDS Dataset\TIDS_cropped\healthy\280.jpg
288,1,2024-04-29,404653,5793513,2,5,data\raw\TIDS Dataset\TIDS_full_images\scm\288.jpg,data\raw\TIDS Dataset\TIDS_cropped\scm\288.jpg
294,0,2024-04-29,40405,64465,1,1,data\raw\TIDS Dataset\TIDS_full_images\healthy\294.jpg,data\raw\TIDS Dataset\TIDS_cropped\healthy\294.jpg
295,1,2024-04-29,2409831,2513749,4,4,data\raw\TIDS Dataset\TIDS_full_images\scm\295.jpg,data\raw\TIDS Dataset\TIDS_cropped\scm\295.jpg
296,1,2024-04-29,6557984,10364234,5,5,data\raw\TIDS Dataset\TIDS_full_images\scm\296.jpg,data\raw\TIDS Dataset\TIDS_cropped\scm\296.jpg
297,1,2024-04-29,15014975,13158192,5,5,data\raw\TIDS Dataset\TIDS_full_images\scm\297.jpg,data\raw\TIDS Dataset\TIDS_cropped\scm\297.jpg
299,0,2024-04-29,72313,28551,1,1,data\raw\TIDS Dataset\TIDS_full_images\healthy\299.jpg,data\raw\TIDS Dataset\TIDS_cropped\healthy\299.jpg
304,1,2024-04-29,105415,601917,1,3,data\raw\TIDS Dataset\TIDS_full_images\scm\304.jpg,data\raw\TIDS Dataset\TIDS_cropped\scm\304.jpg
305,1,2024-04-29,412128,1947100,2,4,data\raw\TIDS Dataset\TIDS_full_images\scm\305.jpg,data\raw\TIDS Dataset\TIDS_cropped\scm\305.jpg
308,1,2024-04-29,337711,7209216,2,5,data\raw\TIDS Dataset\TIDS_full_images\scm\308.jpg,data\raw\TIDS Dataset\TIDS_cropped\scm\308.jpg
309,1,2024-04-29,7931559,3234779,5,4,data\raw\TIDS Dataset\TIDS_full_images\scm\309.jpg,data\raw\TIDS Dataset\TIDS_cropped\scm\309.jpg
310,0,2024-04-29,122622,63706,1,1,data\raw\TIDS Dataset\TIDS_full_images\healthy\310.jpg,data\raw\TIDS Dataset\TIDS_cropped\healthy\310.jpg
311,1,2024-04-29,12083919,1805440,5,4,data\raw\TIDS Dataset\TIDS_full_images\scm\311.jpg,data\raw\TIDS Dataset\TIDS_cropped\scm\311.jpg
315,1,2024-04-29,9382519,1580997,5,4,data\raw\TIDS Dataset\TIDS_full_images\scm\315.jpg,data\raw\TIDS Dataset\TIDS_cropped\scm\315.jpg
319,1,2024-04-29,14435850,36640,5,1,data\raw\TIDS Dataset\TIDS_full_images\scm\319.jpg,data\raw\TIDS Dataset\TIDS_cropped\scm\319.jpg
320,1,2024-04-29,4371381,2101116,4,4,data\raw\TIDS Dataset\TIDS_full_images\scm\320.jpg,data\raw\TIDS Dataset\TIDS_cropped\scm\320.jpg
323,1,2024-04-29,2972527,25511,4,1,data\raw\TIDS Dataset\TIDS_full_images\scm\323.jpg,data\raw\TIDS Dataset\TIDS_cropped\scm\323.jpg
325,1,2024-04-29,5074061,497748,5,2,data\raw\TIDS Dataset\TIDS_full_images\scm\325.jpg,data\raw\TIDS Dataset\TIDS_cropped\scm\325.jpg
326,0,2024-04-29,102788,92349,1,1,data\raw\TIDS Dataset\TIDS_full_images\healthy\326.jpg,data\raw\TIDS Dataset\TIDS_cropped\healthy\326.jpg
327,0,2024-04-29,74654,94421,1,1,data\raw\TIDS Dataset\TIDS_full_images\healthy\327.jpg,data\raw\TIDS Dataset\TIDS_cropped\healthy\327.jpg
328,1,2024-04-29,1518062,236795,4,1,data\raw\TIDS Dataset\TIDS_full_images\scm\328.jpg,data\raw\TIDS Dataset\TIDS_cropped\scm\328.jpg
331,1,2024-12-11,157000,968000,1,3,data\raw\TIDS Dataset\TIDS_full_images\scm\331.jpg,data\raw\TIDS Dataset\TIDS_cropped\scm\331.jpg
332,0,2024-12-11,237000,205000,1,1,data\raw\TIDS Dataset\TIDS_full_images\healthy\332.jpg,data\raw\TIDS Dataset\TIDS_cropped\healthy\332.jpg
333,0,2024-12-11,52000,75000,1,1,data\raw\TIDS Dataset\TIDS_full_images\healthy\333.jpg,data\raw\TIDS Dataset\TIDS_cropped\healthy\333.jpg
334,0,2024-12-11,140000,186000,1,1,data\raw\TIDS Dataset\TIDS_full_images\healthy\334.jpg,data\raw\TIDS Dataset\TIDS_cropped\healthy\334.jpg
335,1,2024-12-11,527000,566000,3,3,data\raw\TIDS Dataset\TIDS_full_images\scm\335.jpg,data\raw\TIDS Dataset\TIDS_cropped\scm\335.jpg
336,1,2024-12-11,764000,1253000,3,3,data\raw\TIDS Dataset\TIDS_full_images\scm\336.jpg,data\raw\TIDS Dataset\TIDS_cropped\scm\336.jpg
337,1,2024-12-11,229000,3654000,1,4,data\raw\TIDS Dataset\TIDS_full_images\scm\337.jpg,data\raw\TIDS Dataset\TIDS_cropped\scm\337.jpg
338,1,2024-12-11,166000,575000,1,3,data\raw\TIDS Dataset\TIDS_full_images\scm\338.jpg,data\raw\TIDS Dataset\TIDS_cropped\scm\338.jpg
339,0,2024-12-11,80000,51000,1,1,data\raw\TIDS Dataset\TIDS_full_images\healthy\339.jpg,data\raw\TIDS Dataset\TIDS_cropped\healthy\339.jpg
340,0,2024-12-11,378000,60000,2,1,data\raw\TIDS Dataset\TIDS_full_images\healthy\340.jpg,data\raw\TIDS Dataset\TIDS_cropped\healthy\340.jpg
341,1,2024-12-11,231000,3335000,1,4,data\raw\TIDS Dataset\TIDS_full_images\scm\341.jpg,data\raw\TIDS Dataset\TIDS_cropped\scm\341.jpg
342,1,2024-12-11,646000,218000,3,1,data\raw\TIDS Dataset\TIDS_full_images\scm\342.jpg,data\raw\TIDS Dataset\TIDS_cropped\scm\342.jpg
343,1,2024-12-11,115000,621000,1,3,data\raw\TIDS Dataset\TIDS_full_images\scm\343.jpg,data\raw\TIDS Dataset\TIDS_cropped\scm\343.jpg
344,0,2024-12-11,34000,41000,1,1,data\raw\TIDS Dataset\TIDS_full_images\healthy\344.jpg,data\raw\TIDS Dataset\TIDS_cropped\healthy\344.jpg
345,1,2024-12-11,195000,20775000,1,5,data\raw\TIDS Dataset\TIDS_full_images\scm\345.jpg,data\raw\TIDS Dataset\TIDS_cropped\scm\345.jpg
346,1,2024-12-11,46000,703000,1,3,data\raw\TIDS Dataset\TIDS_full_images\scm\346.jpg,data\raw\TIDS Dataset\TIDS_cropped\scm\346.jpg
347,0,2024-12-11,106000,52000,1,1,data\raw\TIDS Dataset\TIDS_full_images\healthy\347.jpg,data\raw\TIDS Dataset\TIDS_cropped\healthy\347.jpg
348,1,2024-12-11,7646000,561000,5,3,data\raw\TIDS Dataset\TIDS_full_images\scm\348.jpg,data\raw\TIDS Dataset\TIDS_cropped\scm\348.jpg
349,0,2024-12-11,407000,244000,2,1,data\raw\TIDS Dataset\TIDS_full_images\healthy\349.jpg,data\raw\TIDS Dataset\TIDS_cropped\healthy\349.jpg
350,0,2024-12-11,27000,22000,1,1,data\raw\TIDS Dataset\TIDS_full_images\healthy\350.jpg,data\raw\TIDS Dataset\TIDS_cropped\healthy\350.jpg
351,0,2024-12-11,62000,53000,1,1,data\raw\TIDS Dataset\TIDS_full_images\healthy\351.jpg,data\raw\TIDS Dataset\TIDS_cropped\healthy\351.jpg
352,1,2024-12-11,1185000,2431000,3,4,data\raw\TIDS Dataset\TIDS_full_images\scm\352.jpg,data\raw\TIDS Dataset\TIDS_cropped\scm\352.jpg
353,1,2024-12-11,1380000,121000,3,1,data\raw\TIDS Dataset\TIDS_full_images\scm\353.jpg,data\raw\TIDS Dataset\TIDS_cropped\scm\353.jpg
354,1,2024-12-11,4352000,188000,4,1,data\raw\TIDS Dataset\TIDS_full_images\scm\354.jpg,data\raw\TIDS Dataset\TIDS_cropped\scm\354.jpg
355,0,2024-12-11,84000,201000,1,1,data\raw\TIDS Dataset\TIDS_full_images\healthy\355.jpg,data\raw\TIDS Dataset\TIDS_cropped\healthy\355.jpg
356,0,2024-12-11,273000,172000,2,1,data\raw\TIDS Dataset\TIDS_full_images\healthy\356.jpg,data\raw\TIDS Dataset\TIDS_cropped\healthy\356.jpg
357,0,2024-12-11,86000,107000,1,1,data\raw\TIDS Dataset\TIDS_full_images\healthy\357.jpg,data\raw\TIDS Dataset\TIDS_cropped\healthy\357.jpg
358,0,2024-12-11,119000,182000,1,1,data\raw\TIDS Dataset\TIDS_full_images\healthy\358.jpg,data\raw\TIDS Dataset\TIDS_cropped\healthy\358.jpg
359,0,2024-12-11,358000,204000,2,1,data\raw\TIDS Dataset\TIDS_full_images\healthy\359.jpg,data\raw\TIDS Dataset\TIDS_cropped\healthy\359.jpg
360,1,2024-12-11,2923000,11230000,4,5,data\raw\TIDS Dataset\TIDS_full_images\scm\360.jpg,data\raw\TIDS Dataset\TIDS_cropped\scm\360.jpg
361,1,2024-12-11,1290000,611000,3,3,data\raw\TIDS Dataset\TIDS_full_images\scm\361.jpg,data\raw\TIDS Dataset\TIDS_cropped\scm\361.jpg
362,0,2024-12-11,119000,295000,1,2,data\raw\TIDS Dataset\TIDS_full_images\healthy\362.jpg,data\raw\TIDS Dataset\TIDS_cropped\healthy\362.jpg
363,1,2024-12-11,613000,1196000,3,3,data\raw\TIDS Dataset\TIDS_full_images\scm\363.jpg,data\raw\TIDS Dataset\TIDS_cropped\scm\363.jpg
364,0,2024-12-11,77000,184000,1,1,data\raw\TIDS Dataset\TIDS_full_images\healthy\364.jpg,data\raw\TIDS Dataset\TIDS_cropped\healthy\364.jpg
365,0,2024-12-11,298000,330000,2,2,data\raw\TIDS Dataset\TIDS_full_images\healthy\365.jpg,data\raw\TIDS Dataset\TIDS_cropped\healthy\365.jpg
366,1,2024-12-11,1845000,2547000,4,4,data\raw\TIDS Dataset\TIDS_full_images\scm\366.jpg,data\raw\TIDS Dataset\TIDS_cropped\scm\366.jpg
367,1,2024-12-11,1215000,1792000,3,4,data\raw\TIDS Dataset\TIDS_full_images\scm\367.jpg,data\raw\TIDS Dataset\TIDS_cropped\scm\367.jpg
368,1,2024-12-11,1411000,618000,3,3,data\raw\TIDS Dataset\TIDS_full_images\scm\368.jpg,data\raw\TIDS Dataset\TIDS_cropped\scm\368.jpg
369,0,2024-12-11,30000,51000,1,1,data\raw\TIDS Dataset\TIDS_full_images\healthy\369.jpg,data\raw\TIDS Dataset\TIDS_cropped\healthy\369.jpg
370,1,2024-12-11,647000,73000,3,1,data\raw\TIDS Dataset\TIDS_full_images\scm\370.jpg,data\raw\TIDS Dataset\TIDS_cropped\scm\370.jpg
371,1,2024-12-11,1746000,2901000,4,4,data\raw\TIDS Dataset\TIDS_full_images\scm\371.jpg,data\raw\TIDS Dataset\TIDS_cropped\scm\371.jpg
372,1,2024-12-11,9605000,2471000,5,4,data\raw\TIDS Dataset\TIDS_full_images\scm\372.jpg,data\raw\TIDS Dataset\TIDS_cropped\scm\372.jpg
373,1,2024-12-11,2088000,6815000,4,5,data\raw\TIDS Dataset\TIDS_full_images\scm\373.jpg,data\raw\TIDS Dataset\TIDS_cropped\scm\373.jpg
374,1,2024-12-11,319000,632000,2,3,data\raw\TIDS Dataset\TIDS_full_images\scm\374.jpg,data\raw\TIDS Dataset\TIDS_cropped\scm\374.jpg
375,1,2024-12-11,1141000,161000,3,1,data\raw\TIDS Dataset\TIDS_full_images\scm\375.jpg,data\raw\TIDS Dataset\TIDS_cropped\scm\375.jpg
376,1,2024-12-11,943000,956000,3,3,data\raw\TIDS Dataset\TIDS_full_images\scm\376.jpg,data\raw\TIDS Dataset\TIDS_cropped\scm\376.jpg
377,1,2024-12-11,227000,20743000,1,5,data\raw\TIDS Dataset\TIDS_full_images\scm\377.jpg,data\raw\TIDS Dataset\TIDS_cropped\scm\377.jpg
378,1,2024-12-17,205000,562000,1,3,data\raw\TIDS Dataset\TIDS_full_images\scm\378.jpg,data\raw\TIDS Dataset\TIDS_cropped\scm\378.jpg
379,1,2024-12-17,6716000,58000,5,1,data\raw\TIDS Dataset\TIDS_full_images\scm\379.jpg,data\raw\TIDS Dataset\TIDS_cropped\scm\379.jpg
380,1,2024-12-17,860000,85000,3,1,data\raw\TIDS Dataset\TIDS_full_images\scm\380.jpg,data\raw\TIDS Dataset\TIDS_cropped\scm\380.jpg
381,0,2024-12-17,83000,24000,1,1,data\raw\TIDS Dataset\TIDS_full_images\healthy\381.jpg,data\raw\TIDS Dataset\TIDS_cropped\healthy\381.jpg
382,0,2024-12-17,70000,61000,1,1,data\raw\TIDS Dataset\TIDS_full_images\healthy\382.jpg,data\raw\TIDS Dataset\TIDS_cropped\healthy\382.jpg
383,1,2024-12-17,105000,1288000,1,3,data\raw\TIDS Dataset\TIDS_full_images\scm\383.jpg,data\raw\TIDS Dataset\TIDS_cropped\scm\383.jpg
384,0,2024-12-17,280000,416000,2,2,data\raw\TIDS Dataset\TIDS_full_images\healthy\384.jpg,data\raw\TIDS Dataset\TIDS_cropped\healthy\384.jpg
385,0,2024-12-17,53000,178000,1,1,data\raw\TIDS Dataset\TIDS_full_images\healthy\385.jpg,data\raw\TIDS Dataset\TIDS_cropped\healthy\385.jpg
386,1,2024-12-17,6125,7929000,5,5,data\raw\TIDS Dataset\TIDS_full_images\scm\386.jpg,data\raw\TIDS Dataset\TIDS_cropped\scm\386.jpg
387,0,2024-12-17,178000,353000,1,2,data\raw\TIDS Dataset\TIDS_full_images\healthy\387.jpg,data\raw\TIDS Dataset\TIDS_cropped\healthy\387.jpg
388,0,2024-12-17,48000,26000,1,1,data\raw\TIDS Dataset\TIDS_full_images\healthy\388.jpg,data\raw\TIDS Dataset\TIDS_cropped\healthy\388.jpg
389,0,2024-12-17,67000,46000,1,1,data\raw\TIDS Dataset\TIDS_full_images\healthy\389.jpg,data\raw\TIDS Dataset\TIDS_cropped\healthy\389.jpg
390,0,2024-12-17,180000,174000,1,1,data\raw\TIDS Dataset\TIDS_full_images\healthy\390.jpg,data\raw\TIDS Dataset\TIDS_cropped\healthy\390.jpg
391,0,2024-12-17,39000,277000,1,2,data\raw\TIDS Dataset\TIDS_full_images\healthy\391.jpg,data\raw\TIDS Dataset\TIDS_cropped\healthy\391.jpg
392,0,2024-12-17,209000,66000,1,1,data\raw\TIDS Dataset\TIDS_full_images\healthy\392.jpg,data\raw\TIDS Dataset\TIDS_cropped\healthy\392.jpg
393,1,2024-12-17,1139000,26000,3,1,data\raw\TIDS Dataset\TIDS_full_images\scm\393.jpg,data\raw\TIDS Dataset\TIDS_cropped\scm\393.jpg
394,0,2024-12-17,45000,53000,1,1,data\raw\TIDS Dataset\TIDS_full_images\healthy\394.jpg,data\raw\TIDS Dataset\TIDS_cropped\healthy\394.jpg
395,1,2024-12-17,882000,188000,3,1,data\raw\TIDS Dataset\TIDS_full_images\scm\395.jpg,data\raw\TIDS Dataset\TIDS_cropped\scm\395.jpg
396,1,2024-12-17,3947000,97000,4,1,data\raw\TIDS Dataset\TIDS_full_images\scm\396.jpg,data\raw\TIDS Dataset\TIDS_cropped\scm\396.jpg
397,1,2024-12-17,1121000,925000,3,3,data\raw\TIDS Dataset\TIDS_full_images\scm\397.jpg,data\raw\TIDS Dataset\TIDS_cropped\scm\397.jpg
398,0,2024-12-17,47000,138000,1,1,data\raw\TIDS Dataset\TIDS_full_images\healthy\398.jpg,data\raw\TIDS Dataset\TIDS_cropped\healthy\398.jpg
399,1,2024-12-17,4981000,122000,4,1,data\raw\TIDS Dataset\TIDS_full_images\scm\399.jpg,data\raw\TIDS Dataset\TIDS_cropped\scm\399.jpg
400,1,2024-12-17,597000,470000,3,2,data\raw\TIDS Dataset\TIDS_full_images\scm\400.jpg,data\raw\TIDS Dataset\TIDS_cropped\scm\400.jpg
401,0,2024-12-17,195000,160000,1,1,data\raw\TIDS Dataset\TIDS_full_images\healthy\401.jpg,data\raw\TIDS Dataset\TIDS_cropped\healthy\401.jpg
402,0,2024-12-17,80000,54000,1,1,data\raw\TIDS Dataset\TIDS_full_images\healthy\402.jpg,data\raw\TIDS Dataset\TIDS_cropped\healthy\402.jpg
403,1,2024-12-17,817000,118000,3,1,data\raw\TIDS Dataset\TIDS_full_images\scm\403.jpg,data\raw\TIDS Dataset\TIDS_cropped\scm\403.jpg
404,0,2024-12-17,50000,54000,1,1,data\raw\TIDS Dataset\TIDS_full_images\healthy\404.jpg,data\raw\TIDS Dataset\TIDS_cropped\healthy\404.jpg
405,0,2024-12-17,177000,95000,1,1,data\raw\TIDS Dataset\TIDS_full_images\healthy\405.jpg,data\raw\TIDS Dataset\TIDS_cropped\healthy\405.jpg
406,1,2024-12-17,456000,592000,2,3,data\raw\TIDS Dataset\TIDS_full_images\scm\406.jpg,data\raw\TIDS Dataset\TIDS_cropped\scm\406.jpg
407,1,2024-12-17,70000,15565000,1,5,data\raw\TIDS Dataset\TIDS_full_images\scm\407.jpg,data\raw\TIDS Dataset\TIDS_cropped\scm\407.jpg
408,0,2024-12-17,158000,49000,1,1,data\raw\TIDS Dataset\TIDS_full_images\healthy\408.jpg,data\raw\TIDS Dataset\TIDS_cropped\healthy\408.jpg
409,0,2024-12-17,39000,78000,1,1,data\raw\TIDS Dataset\TIDS_full_images\healthy\409.jpg,data\raw\TIDS Dataset\TIDS_cropped\healthy\409.jpg
410,1,2024-12-17,1038000,162000,3,1,data\raw\TIDS Dataset\TIDS_full_images\scm\410.jpg,data\raw\TIDS Dataset\TIDS_cropped\scm\410.jpg
411,0,2024-12-17,150000,220000,1,1,data\raw\TIDS Dataset\TIDS_full_images\healthy\411.jpg,data\raw\TIDS Dataset\TIDS_cropped\healthy\411.jpg
412,1,2024-12-17,760000,262000,3,2,data\raw\TIDS Dataset\TIDS_full_images\scm\412.jpg,data\raw\TIDS Dataset\TIDS_cropped\scm\412.jpg
413,0,2024-12-17,80000,59000,1,1,data\raw\TIDS Dataset\TIDS_full_images\healthy\413.jpg,data\raw\TIDS Dataset\TIDS_cropped\healthy\413.jpg
414,1,2024-12-17,621000,39000,3,1,data\raw\TIDS Dataset\TIDS_full_images\scm\414.jpg,data\raw\TIDS Dataset\TIDS_cropped\scm\414.jpg
415,0,2024-12-17,107000,82000,1,1,data\raw\TIDS Dataset\TIDS_full_images\healthy\415.jpg,data\raw\TIDS Dataset\TIDS_cropped\healthy\415.jpg
416,0,2024-12-17,185000,250000,1,1,data\raw\TIDS Dataset\TIDS_full_images\healthy\416.jpg,data\raw\TIDS Dataset\TIDS_cropped\healthy\416.jpg
417,1,2024-12-17,591000,845000,3,3,data\raw\TIDS Dataset\TIDS_full_images\scm\417.jpg,data\raw\TIDS Dataset\TIDS_cropped\scm\417.jpg
418,0,2024-12-17,65000,66000,1,1,data\raw\TIDS Dataset\TIDS_full_images\healthy\418.jpg,data\raw\TIDS Dataset\TIDS_cropped\healthy\418.jpg
419,1,2024-12-17,143000,587000,1,3,data\raw\TIDS Dataset\TIDS_full_images\scm\419.jpg,data\raw\TIDS Dataset\TIDS_cropped\scm\419.jpg
420,0,2024-12-17,498000,185000,2,1,data\raw\TIDS Dataset\TIDS_full_images\healthy\420.jpg,data\raw\TIDS Dataset\TIDS_cropped\healthy\420.jpg
421,0,2024-12-17,46000,32000,1,1,data\raw\TIDS Dataset\TIDS_full_images\healthy\421.jpg,data\raw\TIDS Dataset\TIDS_cropped\healthy\421.jpg
422,0,2024-12-17,218000,120000,1,1,data\raw\TIDS Dataset\TIDS_full_images\healthy\422.jpg,data\raw\TIDS Dataset\TIDS_cropped\healthy\422.jpg
423,0,2024-12-17,111000,112000,1,1,data\raw\TIDS Dataset\TIDS_full_images\healthy\423.jpg,data\raw\TIDS Dataset\TIDS_cropped\healthy\423.jpg
424,0,2024-12-17,186000,206000,1,1,data\raw\TIDS Dataset\TIDS_full_images\healthy\424.jpg,data\raw\TIDS Dataset\TIDS_cropped\healthy\424.jpg
425,0,2024-12-17,41000,33000,1,1,data\raw\TIDS Dataset\TIDS_full_images\healthy\425.jpg,data\raw\TIDS Dataset\TIDS_cropped\healthy\425.jpg
426,0,2024-12-17,130000,381000,1,2,data\raw\TIDS Dataset\TIDS_full_images\healthy\426.jpg,data\raw\TIDS Dataset\TIDS_cropped\healthy\426.jpg
427,1,2024-12-17,9071000,167000,4,1,data\raw\TIDS Dataset\TIDS_full_images\scm\427.jpg,data\raw\TIDS Dataset\TIDS_cropped\scm\427.jpg
428,0,2024-12-17,29000,44000,1,1,data\raw\TIDS Dataset\TIDS_full_images\healthy\428.jpg,data\raw\TIDS Dataset\TIDS_cropped\healthy\428.jpg
429,0,2024-12-17,319000,321000,2,2,data\raw\TIDS Dataset\TIDS_full_images\healthy\429.jpg,data\raw\TIDS Dataset\TIDS_cropped\healthy\429.jpg
430,0,2024-12-17,291000,373000,2,2,data\raw\TIDS Dataset\TIDS_full_images\healthy\430.jpg,data\raw\TIDS Dataset\TIDS_cropped\healthy\430.jpg
431,1,2024-12-17,900000,1543000,3,3,data\raw\TIDS Dataset\TIDS_full_images\scm\431.jpg,data\raw\TIDS Dataset\TIDS_cropped\scm\431.jpg
432,0,2024-12-17,176000,141000,1,1,data\raw\TIDS Dataset\TIDS_full_images\healthy\432.jpg,data\raw\TIDS Dataset\TIDS_cropped\healthy\432.jpg
433,1,2024-12-17,807000,1498000,3,3,data\raw\TIDS Dataset\TIDS_full_images\scm\433.jpg,data\raw\TIDS Dataset\TIDS_cropped\scm\433.jpg
434,1,2024-12-17,1664000,259000,4,2,data\raw\TIDS Dataset\TIDS_full_images\scm\434.jpg,data\raw\TIDS Dataset\TIDS_cropped\scm\434.jpg
435,0,2024-12-17,150000,205000,1,1,data\raw\TIDS Dataset\TIDS_full_images\healthy\435.jpg,data\raw\TIDS Dataset\TIDS_cropped\healthy\435.jpg
436,1,2024-12-17,1570000,71000,3,1,data\raw\TIDS Dataset\TIDS_full_images\scm\436.jpg,data\raw\TIDS Dataset\TIDS_cropped\scm\436.jpg
437,0,2024-12-17,126000,90000,1,1,data\raw\TIDS Dataset\TIDS_full_images\healthy\437.jpg,data\raw\TIDS Dataset\TIDS_cropped\healthy\437.jpg
438,0,2024-12-17,112000,83000,1,1,data\raw\TIDS Dataset\TIDS_full_images\healthy\438.jpg,data\raw\TIDS Dataset\TIDS_cropped\healthy\438.jpg
439,1,2024-12-17,706000,346000,3,2,data\raw\TIDS Dataset\TIDS_full_images\scm\439.jpg,data\raw\TIDS Dataset\TIDS_cropped\scm\439.jpg
440,0,2024-12-17,105000,68000,1,1,data\raw\TIDS Dataset\TIDS_full_images\healthy\440.jpg,data\raw\TIDS Dataset\TIDS_cropped\healthy\440.jpg
441,0,2024-12-17,64000,117000,1,1,data\raw\TIDS Dataset\TIDS_full_images\healthy\441.jpg,data\raw\TIDS Dataset\TIDS_cropped\healthy\441.jpg
442,0,2024-12-17,246000,485000,1,2,data\raw\TIDS Dataset\TIDS_full_images\healthy\442.jpg,data\raw\TIDS Dataset\TIDS_cropped\healthy\442.jpg
443,1,2024-12-17,194000,802000,1,3,data\raw\TIDS Dataset\TIDS_full_images\scm\443.jpg,data\raw\TIDS Dataset\TIDS_cropped\scm\443.jpg
444,1,2025-01-14,827689,292241,3,2,data\raw\TIDS Dataset\TIDS_full_images\scm\444.jpg,data\raw\TIDS Dataset\TIDS_cropped\scm\444.jpg
445,0,2025-01-14,71709,125377,1,1,data\raw\TIDS Dataset\TIDS_full_images\healthy\445.jpg,data\raw\TIDS Dataset\TIDS_cropped\healthy\445.jpg
446,1,2025-01-14,562195,143517,3,1,data\raw\TIDS Dataset\TIDS_full_images\scm\446.jpg,data\raw\TIDS Dataset\TIDS_cropped\scm\446.jpg
447,0,2025-01-14,84584,111896,1,1,data\raw\TIDS Dataset\TIDS_full_images\healthy\447.jpg,data\raw\TIDS Dataset\TIDS_cropped\healthy\447.jpg
448,0,2025-01-14,86465,68776,1,1,data\raw\TIDS Dataset\TIDS_full_images\healthy\448.jpg,data\raw\TIDS Dataset\TIDS_cropped\healthy\448.jpg
449,1,2025-01-14,771035,567830,3,3,data\raw\TIDS Dataset\TIDS_full_images\scm\449.jpg,data\raw\TIDS Dataset\TIDS_cropped\scm\449.jpg
450,1,2025-01-14,38260,1136408,1,4,data\raw\TIDS Dataset\TIDS_full_images\scm\450.jpg,data\raw\TIDS Dataset\TIDS_cropped\scm\450.jpg
451,0,2025-01-14,358789,305004,2,2,data\raw\TIDS Dataset\TIDS_full_images\healthy\451.jpg,data\raw\TIDS Dataset\TIDS_cropped\healthy\451.jpg
452,1,2025-01-14,137095,7537370,1,5,data\raw\TIDS Dataset\TIDS_full_images\scm\452.jpg,data\raw\TIDS Dataset\TIDS_cropped\scm\452.jpg
453,0,2025-01-14,91372,241037,1,1,data\raw\TIDS Dataset\TIDS_full_images\healthy\453.jpg,data\raw\TIDS Dataset\TIDS_cropped\healthy\453.jpg
454,1,2025-01-14,2156793,216960,4,1,data\raw\TIDS Dataset\TIDS_full_images\scm\454.jpg,data\raw\TIDS Dataset\TIDS_cropped\scm\454.jpg
455,0,2025-01-14,44393,47052,1,1,data\raw\TIDS Dataset\TIDS_full_images\healthy\455.jpg,data\raw\TIDS Dataset\TIDS_cropped\healthy\455.jpg
456,0,2025-01-14,223648,194192,1,1,data\raw\TIDS Dataset\TIDS_full_images\healthy\456.jpg,data\raw\TIDS Dataset\TIDS_cropped\healthy\456.jpg
457,1,2025-01-14,274547,19985383,1,5,data\raw\TIDS Dataset\TIDS_full_images\scm\457.jpg,data\raw\TIDS Dataset\TIDS_cropped\scm\457.jpg
458,1,2025-01-14,186685,791753,5,3,data\raw\TIDS Dataset\TIDS_full_images\scm\458.jpg,data\raw\TIDS Dataset\TIDS_cropped\scm\458.jpg
459,0,2025-01-14,60040,136329,1,1,data\raw\TIDS Dataset\TIDS_full_images\healthy\459.jpg,data\raw\TIDS Dataset\TIDS_cropped\healthy\459.jpg
460,1,2025-01-14,1004525,3451633,3,4,data\raw\TIDS Dataset\TIDS_full_images\scm\460.jpg,data\raw\TIDS Dataset\TIDS_cropped\scm\460.jpg
461,0,2025-01-14,160758,156960,1,1,data\raw\TIDS Dataset\TIDS_full_images\healthy\461.jpg,data\raw\TIDS Dataset\TIDS_cropped\healthy\461.jpg
462,0,2025-01-14,438283,381299,2,2,data\raw\TIDS Dataset\TIDS_full_images\healthy\462.jpg,data\raw\TIDS Dataset\TIDS_cropped\healthy\462.jpg
463,1,2025-01-14,1101349,4138076,3,4,data\raw\TIDS Dataset\TIDS_full_images\scm\463.jpg,data\raw\TIDS Dataset\TIDS_cropped\scm\463.jpg
464,0,2025-01-14,14086,54484,1,1,data\raw\TIDS Dataset\TIDS_full_images\healthy\464.jpg,data\raw\TIDS Dataset\TIDS_cropped\healthy\464.jpg
465,1,2025-01-14,851487,634874,3,3,data\raw\TIDS Dataset\TIDS_full_images\scm\465.jpg,data\raw\TIDS Dataset\TIDS_cropped\scm\465.jpg
466,0,2025-01-14,128846,160675,1,1,data\raw\TIDS Dataset\TIDS_full_images\healthy\466.jpg,data\raw\TIDS Dataset\TIDS_cropped\healthy\466.jpg
467,0,2025-01-14,74224,57399,1,1,data\raw\TIDS Dataset\TIDS_full_images\healthy\467.jpg,data\raw\TIDS Dataset\TIDS_cropped\healthy\467.jpg
468,0,2025-01-14,280784,273752,2,2,data\raw\TIDS Dataset\TIDS_full_images\healthy\468.jpg,data\raw\TIDS Dataset\TIDS_cropped\healthy\468.jpg
469,0,2025-01-14,112168,171564,1,1,data\raw\TIDS Dataset\TIDS_full_images\healthy\469.jpg,data\raw\TIDS Dataset\TIDS_cropped\healthy\469.jpg
470,1,2025-01-14,1396755,408239,3,2,data\raw\TIDS Dataset\TIDS_full_images\scm\470.jpg,data\raw\TIDS Dataset\TIDS_cropped\scm\470.jpg
471,0,2025-01-14,149431,131766,1,1,data\raw\TIDS Dataset\TIDS_full_images\healthy\471.jpg,data\raw\TIDS Dataset\TIDS_cropped\healthy\471.jpg
472,1,2025-01-14,54347,4317661,1,4,data\raw\TIDS Dataset\TIDS_full_images\scm\472.jpg,data\raw\TIDS Dataset\TIDS_cropped\scm\472.jpg
473,0,2025-01-14,137657,194440,1,1,data\raw\TIDS Dataset\TIDS_full_images\healthy\473.jpg,data\raw\TIDS Dataset\TIDS_cropped\healthy\473.jpg
474,0,2025-01-14,148107,173368,1,1,data\raw\TIDS Dataset\TIDS_full_images\healthy\474.jpg,data\raw\TIDS Dataset\TIDS_cropped\healthy\474.jpg
475,0,2025-01-14,67532,121367,1,1,data\raw\TIDS Dataset\TIDS_full_images\healthy\475.jpg,data\raw\TIDS Dataset\TIDS_cropped\healthy\475.jpg
476,0,2025-01-14,158947,172212,1,1,data\raw\TIDS Dataset\TIDS_full_images\healthy\476.jpg,data\raw\TIDS Dataset\TIDS_cropped\healthy\476.jpg
477,1,2025-01-14,611309,1792533,3,4,data\raw\TIDS Dataset\TIDS_full_images\scm\477.jpg,data\raw\TIDS Dataset\TIDS_cropped\scm\477.jpg
478,1,2025-01-14,1210942,85505,3,1,data\raw\TIDS Dataset\TIDS_full_images\scm\478.jpg,data\raw\TIDS Dataset\TIDS_cropped\scm\478.jpg
479,1,2025-01-14,1780567,1879531,4,4,data\raw\TIDS Dataset\TIDS_full_images\scm\479.jpg,data\raw\TIDS Dataset\TIDS_cropped\scm\479.jpg
480,1,2025-01-14,108783,1199250,1,3,data\raw\TIDS Dataset\TIDS_full_images\scm\480.jpg,data\raw\TIDS Dataset\TIDS_cropped\scm\480.jpg
481,1,2025-01-14,420912,1496257,1,3,data\raw\TIDS Dataset\TIDS_full_images\scm\481.jpg,data\raw\TIDS Dataset\TIDS_cropped\scm\481.jpg
482,0,2025-01-14,168405,102913,1,1,data\raw\TIDS Dataset\TIDS_full_images\healthy\482.jpg,data\raw\TIDS Dataset\TIDS_cropped\healthy\482.jpg
483,0,2025-01-14,142874,75895,1,1,data\raw\TIDS Dataset\TIDS_full_images\healthy\483.jpg,data\raw\TIDS Dataset\TIDS_cropped\healthy\483.jpg
484,0,2025-01-14,36002,85907,1,1,data\raw\TIDS Dataset\TIDS_full_images\healthy\484.jpg,data\raw\TIDS Dataset\TIDS_cropped\healthy\484.jpg
485,0,2025-01-14,219091,192076,1,1,data\raw\TIDS Dataset\TIDS_full_images\healthy\485.jpg,data\raw\TIDS Dataset\TIDS_cropped\healthy\485.jpg
486,0,2025-01-14,125469,111118,1,1,data\raw\TIDS Dataset\TIDS_full_images\healthy\486.jpg,data\raw\TIDS Dataset\TIDS_cropped\healthy\486.jpg
487,1,2025-01-14,701407,492960,3,2,data\raw\TIDS Dataset\TIDS_full_images\scm\487.jpg,data\raw\TIDS Dataset\TIDS_cropped\scm\487.jpg
488,1,2025-01-14,196883,1882063,1,4,data\raw\TIDS Dataset\TIDS_full_images\scm\488.jpg,data\raw\TIDS Dataset\TIDS_cropped\scm\488.jpg
489,0,2025-01-14,385121,122775,2,1,data\raw\TIDS Dataset\TIDS_full_images\healthy\489.jpg,data\raw\TIDS Dataset\TIDS_cropped\healthy\489.jpg
490,0,2025-01-14,142083,88672,1,1,data\raw\TIDS Dataset\TIDS_full_images\healthy\490.jpg,data\raw\TIDS Dataset\TIDS_cropped\healthy\490.jpg
491,0,2025-01-14,462245,73600,2,1,data\raw\TIDS Dataset\TIDS_full_images\healthy\491.jpg,data\raw\TIDS Dataset\TIDS_cropped\healthy\491.jpg
492,1,2025-01-27,15939,1350911,1,3,data\raw\TIDS Dataset\TIDS_full_images\scm\492.jpg,data\raw\TIDS Dataset\TIDS_cropped\scm\492.jpg
493,0,2025-01-27,86476,43920,1,1,data\raw\TIDS Dataset\TIDS_full_images\healthy\493.jpg,data\raw\TIDS Dataset\TIDS_cropped\healthy\493.jpg
494,0,2025-01-27,83626,84809,1,1,data\raw\TIDS Dataset\TIDS_full_images\healthy\494.jpg,data\raw\TIDS Dataset\TIDS_cropped\healthy\494.jpg
495,0,2025-01-27,106456,63337,1,1,data\raw\TIDS Dataset\TIDS_full_images\healthy\495.jpg,data\raw\TIDS Dataset\TIDS_cropped\healthy\495.jpg
496,0,2025-01-27,186826,139452,1,1,data\raw\TIDS Dataset\TIDS_full_images\healthy\496.jpg,data\raw\TIDS Dataset\TIDS_cropped\healthy\496.jpg
497,0,2025-01-27,140374,52164,1,1,data\raw\TIDS Dataset\TIDS_full_images\healthy\497.jpg,data\raw\TIDS Dataset\TIDS_cropped\healthy\497.jpg
498,0,2025-01-27,60863,77169,1,1,data\raw\TIDS Dataset\TIDS_full_images\healthy\498.jpg,data\raw\TIDS Dataset\TIDS_cropped\healthy\498.jpg
499,0,2025-01-27,1197896,244691,2,1,data\raw\TIDS Dataset\TIDS_full_images\healthy\499.jpg,data\raw\TIDS Dataset\TIDS_cropped\healthy\499.jpg
500,0,2025-01-27,343405,115746,2,1,data\raw\TIDS Dataset\TIDS_full_images\healthy\500.jpg,data\raw\TIDS Dataset\TIDS_cropped\healthy\500.jpg
501,1,2025-01-27,961345,3412739,3,4,data\raw\TIDS Dataset\TIDS_full_images\scm\501.jpg,data\raw\TIDS Dataset\TIDS_cropped\scm\501.jpg
502,1,2025-01-27,39147,952044,1,3,data\raw\TIDS Dataset\TIDS_full_images\scm\502.jpg,data\raw\TIDS Dataset\TIDS_cropped\scm\502.jpg
503,1,2025-01-27,415809,4841517,2,4,data\raw\TIDS Dataset\TIDS_full_images\scm\503.jpg,data\raw\TIDS Dataset\TIDS_cropped\scm\503.jpg
505,0,2025-01-27,94497,128998,1,1,data\raw\TIDS Dataset\TIDS_full_images\healthy\505.jpg,data\raw\TIDS Dataset\TIDS_cropped\healthy\505.jpg
506,0,2025-01-27,128038,165892,1,1,data\raw\TIDS Dataset\TIDS_full_images\healthy\506.jpg,data\raw\TIDS Dataset\TIDS_cropped\healthy\506.jpg
507,0,2025-01-27,83214,370535,1,2,data\raw\TIDS Dataset\TIDS_full_images\healthy\507.jpg,data\raw\TIDS Dataset\TIDS_cropped\healthy\507.jpg
508,0,2025-01-27,53423,52694,1,1,data\raw\TIDS Dataset\TIDS_full_images\healthy\508.jpg,data\raw\TIDS Dataset\TIDS_cropped\healthy\508.jpg
509,0,2025-01-27,69113,101614,1,1,data\raw\TIDS Dataset\TIDS_full_images\healthy\509.jpg,data\raw\TIDS Dataset\TIDS_cropped\healthy\509.jpg
510,1,2025-01-27,309485,4392027,2,4,data\raw\TIDS Dataset\TIDS_full_images\scm\510.jpg,data\raw\TIDS Dataset\TIDS_cropped\scm\510.jpg
511,1,2025-01-27,88456,1533131,1,3,data\raw\TIDS Dataset\TIDS_full_images\scm\511.jpg,data\raw\TIDS Dataset\TIDS_cropped\scm\511.jpg
512,1,2025-01-27,346571,539790,2,3,data\raw\TIDS Dataset\TIDS_full_images\scm\512.jpg,data\raw\TIDS Dataset\TIDS_cropped\scm\512.jpg
513,0,2025-01-27,190456,218785,1,1,data\raw\TIDS Dataset\TIDS_full_images\healthy\513.jpg,data\raw\TIDS Dataset\TIDS_cropped\healthy\513.jpg
514,0,2025-01-27,33731,120010,1,1,data\raw\TIDS Dataset\TIDS_full_images\healthy\514.jpg,data\raw\TIDS Dataset\TIDS_cropped\healthy\514.jpg
515,1,2025-01-27,3585219,11893961,4,5,data\raw\TIDS Dataset\TIDS_full_images\scm\515.jpg,data\raw\TIDS Dataset\TIDS_cropped\scm\515.jpg
516,1,2025-01-27,478477,886827,2,3,data\raw\TIDS Dataset\TIDS_full_images\scm\516.jpg,data\raw\TIDS Dataset\TIDS_cropped\scm\516.jpg
517,0,2025-01-27,93226,83417,1,1,data\raw\TIDS Dataset\TIDS_full_images\healthy\517.jpg,data\raw\TIDS Dataset\TIDS_cropped\healthy\517.jpg
518,0,2025-01-27,323122,187512,2,1,data\raw\TIDS Dataset\TIDS_full_images\healthy\518.jpg,data\raw\TIDS Dataset\TIDS_cropped\healthy\518.jpg
519,1,2025-01-27,170136,5984753,1,5,data\raw\TIDS Dataset\TIDS_full_images\scm\519.jpg,data\raw\TIDS Dataset\TIDS_cropped\scm\519.jpg
520,0,2025-01-27,110712,119489,1,1,data\raw\TIDS Dataset\TIDS_full_images\healthy\520.jpg,data\raw\TIDS Dataset\TIDS_cropped\healthy\520.jpg
521,1,2025-01-27,4603165,22931,4,1,data\raw\TIDS Dataset\TIDS_full_images\scm\521.jpg,data\raw\TIDS Dataset\TIDS_cropped\scm\521.jpg
523,1,2025-01-27,76777,2056437,1,4,data\raw\TIDS Dataset\TIDS_full_images\scm\523.jpg,data\raw\TIDS Dataset\TIDS_cropped\scm\523.jpg
524,1,2025-01-27,599759,30179,3,1,data\raw\TIDS Dataset\TIDS_full_images\scm\524.jpg,data\raw\TIDS Dataset\TIDS_cropped\scm\524.jpg
525,0,2025-01-27,120466,187692,1,1,data\raw\TIDS Dataset\TIDS_full_images\healthy\525.jpg,data\raw\TIDS Dataset\TIDS_cropped\healthy\525.jpg
526,1,2025-01-27,917980,252042,3,2,data\raw\TIDS Dataset\TIDS_full_images\scm\526.jpg,data\raw\TIDS Dataset\TIDS_cropped\scm\526.jpg
527,1,2025-01-27,160194,629699,1,3,data\raw\TIDS Dataset\TIDS_full_images\scm\527.jpg,data\raw\TIDS Dataset\TIDS_cropped\scm\527.jpg
528,1,2025-01-27,14135,1778296,1,4,data\raw\TIDS Dataset\TIDS_full_images\scm\528.jpg,data\raw\TIDS Dataset\TIDS_cropped\scm\528.jpg
529,1,2025-01-27,10633423,3736092,5,4,data\raw\TIDS Dataset\TIDS_full_images\scm\529.jpg,data\raw\TIDS Dataset\TIDS_cropped\scm\529.jpg
530,1,2025-01-27,165720,13529216,1,5,data\raw\TIDS Dataset\TIDS_full_images\scm\530.jpg,data\raw\TIDS Dataset\TIDS_cropped\scm\530.jpg
531,1,2025-01-27,1285282,34823,3,1,data\raw\TIDS Dataset\TIDS_full_images\scm\531.jpg,data\raw\TIDS Dataset\TIDS_cropped\scm\531.jpg
532,0,2025-01-27,26172,43765,1,1,data\raw\TIDS Dataset\TIDS_full_images\healthy\532.jpg,data\raw\TIDS Dataset\TIDS_cropped\healthy\532.jpg
533,1,2025-01-27,382248,6091074,2,5,data\raw\TIDS Dataset\TIDS_full_images\scm\533.jpg,data\raw\TIDS Dataset\TIDS_cropped\scm\533.jpg
534,1,2025-01-27,4910842,3248023,4,4,data\raw\TIDS Dataset\TIDS_full_images\scm\534.jpg,data\raw\TIDS Dataset\TIDS_cropped\scm\534.jpg
535,0,2025-01-27,134675,150427,1,1,data\raw\TIDS Dataset\TIDS_full_images\healthy\535.jpg,data\raw\TIDS Dataset\TIDS_cropped\healthy\535.jpg
536,1,2025-01-27,364233,802066,2,3,data\raw\TIDS Dataset\TIDS_full_images\scm\536.jpg,data\raw\TIDS Dataset\TIDS_cropped\scm\536.jpg
537,0,2025-01-27,109877,84242,1,1,data\raw\TIDS Dataset\TIDS_full_images\healthy\537.jpg,data\raw\TIDS Dataset\TIDS_cropped\healthy\537.jpg
539,0,2025-01-28,338080,493665,2,2,data\raw\TIDS Dataset\TIDS_full_images\healthy\539.jpg,data\raw\TIDS Dataset\TIDS_cropped\healthy\539.jpg
540,1,2025-01-28,103673,2085295,1,4,data\raw\TIDS Dataset\TIDS_full_images\scm\540.jpg,data\raw\TIDS Dataset\TIDS_cropped\scm\540.jpg
542,1,2025-01-28,648363,182582,3,1,data\raw\TIDS Dataset\TIDS_full_images\scm\542.jpg,data\raw\TIDS Dataset\TIDS_cropped\scm\542.jpg
543,1,2025-01-28,6466254,9839308,5,5,data\raw\TIDS Dataset\TIDS_full_images\scm\543.jpg,data\raw\TIDS Dataset\TIDS_cropped\scm\543.jpg
544,0,2025-01-28,289834,130743,2,1,data\raw\TIDS Dataset\TIDS_full_images\healthy\544.jpg,data\raw\TIDS Dataset\TIDS_cropped\healthy\544.jpg
546,1,2025-01-28,675828,54344,3,1,data\raw\TIDS Dataset\TIDS_full_images\scm\546.jpg,data\raw\TIDS Dataset\TIDS_cropped\scm\546.jpg
547,0,2025-01-28,132536,135778,1,1,data\raw\TIDS Dataset\TIDS_full_images\healthy\547.jpg,data\raw\TIDS Dataset\TIDS_cropped\healthy\547.jpg
548,1,2025-01-28,212625,783886,1,3,data\raw\TIDS Dataset\TIDS_full_images\scm\548.jpg,data\raw\TIDS Dataset\TIDS_cropped\scm\548.jpg
549,1,2025-01-28,1402182,81239,3,1,data\raw\TIDS Dataset\TIDS_full_images\scm\549.jpg,data\raw\TIDS Dataset\TIDS_cropped\scm\549.jpg
550,1,2025-01-28,299949,567402,2,3,data\raw\TIDS Dataset\TIDS_full_images\scm\550.jpg,data\raw\TIDS Dataset\TIDS_cropped\scm\550.jpg
551,0,2025-01-28,50409,58685,1,1,data\raw\TIDS Dataset\TIDS_full_images\healthy\551.jpg,data\raw\TIDS Dataset\TIDS_cropped\healthy\551.jpg
552,1,2025-01-28,584711,52503,3,1,data\raw\TIDS Dataset\TIDS_full_images\scm\552.jpg,data\raw\TIDS Dataset\TIDS_cropped\scm\552.jpg
553,0,2025-01-28,373447,490207,2,2,data\raw\TIDS Dataset\TIDS_full_images\healthy\553.jpg,data\raw\TIDS Dataset\TIDS_cropped\healthy\553.jpg
554,1,2025-01-28,1516026,181357,4,1,data\raw\TIDS Dataset\TIDS_full_images\scm\554.jpg,data\raw\TIDS Dataset\TIDS_cropped\scm\554.jpg
555,1,2025-01-28,623468,442552,3,2,data\raw\TIDS Dataset\TIDS_full_images\scm\555.jpg,data\raw\TIDS Dataset\TIDS_cropped\scm\555.jpg
557,1,2025-01-28,6411796,89231,5,1,data\raw\TIDS Dataset\TIDS_full_images\scm\557.jpg,data\raw\TIDS Dataset\TIDS_cropped\scm\557.jpg
558,0,2025-01-28,137670,190858,1,1,data\raw\TIDS Dataset\TIDS_full_images\healthy\558.jpg,data\raw\TIDS Dataset\TIDS_cropped\healthy\558.jpg
559,1,2025-01-28,61489,2482580,1,4,data\raw\TIDS Dataset\TIDS_full_images\scm\559.jpg,data\raw\TIDS Dataset\TIDS_cropped\scm\559.jpg
560,1,2025-01-28,82048,1254550,1,3,data\raw\TIDS Dataset\TIDS_full_images\scm\560.jpg,data\raw\TIDS Dataset\TIDS_cropped\scm\560.jpg
561,0,2025-01-28,41551,56623,1,1,data\raw\TIDS Dataset\TIDS_full_images\healthy\561.jpg,data\raw\TIDS Dataset\TIDS_cropped\healthy\561.jpg
562,0,2025-01-28,33018,75950,1,1,data\raw\TIDS Dataset\TIDS_full_images\healthy\562.jpg,data\raw\TIDS Dataset\TIDS_cropped\healthy\562.jpg
563,0,2025-01-28,107218,149807,1,1,data\raw\TIDS Dataset\TIDS_full_images\healthy\563.jpg,data\raw\TIDS Dataset\TIDS_cropped\healthy\563.jpg
564,0,2025-01-28,44149,48058,1,1,data\raw\TIDS Dataset\TIDS_full_images\healthy\564.jpg,data\raw\TIDS Dataset\TIDS_cropped\healthy\564.jpg
565,1,2025-01-28,776981,69138,3,1,data\raw\TIDS Dataset\TIDS_full_images\scm\565.jpg,data\raw\TIDS Dataset\TIDS_cropped\scm\565.jpg
566,1,2025-01-28,603222,106303,3,1,data\raw\TIDS Dataset\TIDS_full_images\scm\566.jpg,data\raw\TIDS Dataset\TIDS_cropped\scm\566.jpg
567,0,2025-01-28,40002,38404,1,1,data\raw\TIDS Dataset\TIDS_full_images\healthy\567.jpg,data\raw\TIDS Dataset\TIDS_cropped\healthy\567.jpg
568,0,2025-01-28,78531,83782,1,1,data\raw\TIDS Dataset\TIDS_full_images\healthy\568.jpg,data\raw\TIDS Dataset\TIDS_cropped\healthy\568.jpg
569,0,2025-01-28,39893,182525,1,1,data\raw\TIDS Dataset\TIDS_full_images\healthy\569.jpg,data\raw\TIDS Dataset\TIDS_cropped\healthy\569.jpg
570,0,2025-01-28,32750,53312,1,1,data\raw\TIDS Dataset\TIDS_full_images\healthy\570.jpg,data\raw\TIDS Dataset\TIDS_cropped\healthy\570.jpg
571,0,2025-01-28,58829,61041,1,1,data\raw\TIDS Dataset\TIDS_full_images\healthy\571.jpg,data\raw\TIDS Dataset\TIDS_cropped\healthy\571.jpg
573,1,2025-01-28,54135,755159,1,3,data\raw\TIDS Dataset\TIDS_full_images\scm\573.jpg,data\raw\TIDS Dataset\TIDS_cropped\scm\573.jpg
574,0,2025-01-28,73711,139279,1,1,data\raw\TIDS Dataset\TIDS_full_images\healthy\574.jpg,data\raw\TIDS Dataset\TIDS_cropped\healthy\574.jpg
575,0,2025-01-28,189912,382449,1,2,data\raw\TIDS Dataset\TIDS_full_images\healthy\575.jpg,data\raw\TIDS Dataset\TIDS_cropped\healthy\575.jpg
576,0,2025-01-28,47076,65926,1,1,data\raw\TIDS Dataset\TIDS_full_images\healthy\576.jpg,data\raw\TIDS Dataset\TIDS_cropped\healthy\576.jpg
577,1,2025-01-28,1122998,271811,3,2,data\raw\TIDS Dataset\TIDS_full_images\scm\577.jpg,data\raw\TIDS Dataset\TIDS_cropped\scm\577.jpg
579,1,2025-01-28,2282517,557449,4,3,data\raw\TIDS Dataset\TIDS_full_images\scm\579.jpg,data\raw\TIDS Dataset\TIDS_cropped\scm\579.jpg
580,1,2025-01-28,1222295,418679,3,2,data\raw\TIDS Dataset\TIDS_full_images\scm\580.jpg,data\raw\TIDS Dataset\TIDS_cropped\scm\580.jpg
581,0,2025-01-28,108607,98828,1,1,data\raw\TIDS Dataset\TIDS_full_images\healthy\581.jpg,data\raw\TIDS Dataset\TIDS_cropped\healthy\581.jpg
582,0,2025-01-28,66485,67107,1,1,data\raw\TIDS Dataset\TIDS_full_images\healthy\582.jpg,data\raw\TIDS Dataset\TIDS_cropped\healthy\582.jpg
583,1,2025-01-28,625341,103405,3,1,data\raw\TIDS Dataset\TIDS_full_images\scm\583.jpg,data\raw\TIDS Dataset\TIDS_cropped\scm\583.jpg
584,0,2025-01-28,158748,188667,1,1,data\raw\TIDS Dataset\TIDS_full_images\healthy\584.jpg,data\raw\TIDS Dataset\TIDS_cropped\healthy\584.jpg
585,0,2025-01-28,116747,130404,1,1,data\raw\TIDS Dataset\TIDS_full_images\healthy\585.jpg,data\raw\TIDS Dataset\TIDS_cropped\healthy\585.jpg
586,0,2025-02-13,125307,135637,1,1,data\raw\TIDS Dataset\TIDS_full_images\healthy\586.jpg,data\raw\TIDS Dataset\TIDS_cropped\healthy\586.jpg
587,0,2025-02-13,153372,203115,1,1,data\raw\TIDS Dataset\TIDS_full_images\healthy\587.jpg,data\raw\TIDS Dataset\TIDS_cropped\healthy\587.jpg
588,0,2025-02-13,32453,214909,1,1,data\raw\TIDS Dataset\TIDS_full_images\healthy\588.jpg,data\raw\TIDS Dataset\TIDS_cropped\healthy\588.jpg
589,0,2025-02-13,149478,170549,1,1,data\raw\TIDS Dataset\TIDS_full_images\healthy\589.jpg,data\raw\TIDS Dataset\TIDS_cropped\healthy\589.jpg
590,1,2025-02-13,767673,74496,3,1,data\raw\TIDS Dataset\TIDS_full_images\scm\590.jpg,data\raw\TIDS Dataset\TIDS_cropped\scm\590.jpg
591,0,2025-02-13,205585,147593,1,1,data\raw\TIDS Dataset\TIDS_full_images\healthy\591.jpg,data\raw\TIDS Dataset\TIDS_cropped\healthy\591.jpg
592,0,2025-02-13,69256,53306,1,1,data\raw\TIDS Dataset\TIDS_full_images\healthy\592.jpg,data\raw\TIDS Dataset\TIDS_cropped\healthy\592.jpg
593,0,2025-02-13,118839,57215,1,1,data\raw\TIDS Dataset\TIDS_full_images\healthy\593.jpg,data\raw\TIDS Dataset\TIDS_cropped\healthy\593.jpg
594,1,2025-02-13,1083606,1385248,3,3,data\raw\TIDS Dataset\TIDS_full_images\scm\594.jpg,data\raw\TIDS Dataset\TIDS_cropped\scm\594.jpg
595,0,2025-02-13,113325,221576,1,1,data\raw\TIDS Dataset\TIDS_full_images\healthy\595.jpg,data\raw\TIDS Dataset\TIDS_cropped\healthy\595.jpg
596,0,2025-02-13,333766,107698,2,1,data\raw\TIDS Dataset\TIDS_full_images\healthy\596.jpg,data\raw\TIDS Dataset\TIDS_cropped\healthy\596.jpg
597,0,2025-02-13,151406,220181,1,1,data\raw\TIDS Dataset\TIDS_full_images\healthy\597.jpg,data\raw\TIDS Dataset\TIDS_cropped\healthy\597.jpg
598,0,2025-02-13,138071,123407,1,1,data\raw\TIDS Dataset\TIDS_full_images\healthy\598.jpg,data\raw\TIDS Dataset\TIDS_cropped\healthy\598.jpg
599,0,2025-02-13,124729,179906,1,1,data\raw\TIDS Dataset\TIDS_full_images\healthy\599.jpg,data\raw\TIDS Dataset\TIDS_cropped\healthy\599.jpg
600,0,2025-02-13,69026,79111,1,1,data\raw\TIDS Dataset\TIDS_full_images\healthy\600.jpg,data\raw\TIDS Dataset\TIDS_cropped\healthy\600.jpg
601,0,2025-02-13,121167,99628,1,1,data\raw\TIDS Dataset\TIDS_full_images\healthy\601.jpg,data\raw\TIDS Dataset\TIDS_cropped\healthy\601.jpg
602,1,2025-02-13,301268,20623548,2,5,data\raw\TIDS Dataset\TIDS_full_images\scm\602.jpg,data\raw\TIDS Dataset\TIDS_cropped\scm\602.jpg
603,1,2025-02-13,739798,388289,3,2,data\raw\TIDS Dataset\TIDS_full_images\scm\603.jpg,data\raw\TIDS Dataset\TIDS_cropped\scm\603.jpg
604,0,2025-02-13,442186,425402,2,2,data\raw\TIDS Dataset\TIDS_full_images\healthy\604.jpg,data\raw\TIDS Dataset\TIDS_cropped\healthy\604.jpg
605,1,2025-02-13,207699,3099215,1,4,data\raw\TIDS Dataset\TIDS_full_images\scm\605.jpg,data\raw\TIDS Dataset\TIDS_cropped\scm\605.jpg
606,0,2025-02-13,58415,58537,1,1,data\raw\TIDS Dataset\TIDS_full_images\healthy\606.jpg,data\raw\TIDS Dataset\TIDS_cropped\healthy\606.jpg
607,1,2025-02-13,140684,758883,1,3,data\raw\TIDS Dataset\TIDS_full_images\scm\607.jpg,data\raw\TIDS Dataset\TIDS_cropped\scm\607.jpg
608,0,2025-02-13,86747,137812,1,1,data\raw\TIDS Dataset\TIDS_full_images\healthy\608.jpg,data\raw\TIDS Dataset\TIDS_cropped\healthy\608.jpg
609,1,2025-02-13,2344993,203445,4,1,data\raw\TIDS Dataset\TIDS_full_images\scm\609.jpg,data\raw\TIDS Dataset\TIDS_cropped\scm\609.jpg
610,1,2025-02-13,1418739,32059,3,1,data\raw\TIDS Dataset\TIDS_full_images\scm\610.jpg,data\raw\TIDS Dataset\TIDS_cropped\scm\610.jpg
611,0,2025-02-13,373398,455494,2,2,data\raw\TIDS Dataset\TIDS_full_images\healthy\611.jpg,data\raw\TIDS Dataset\TIDS_cropped\healthy\611.jpg
612,1,2025-02-13,6944103,10801082,5,5,data\raw\TIDS Dataset\TIDS_full_images\scm\612.jpg,data\raw\TIDS Dataset\TIDS_cropped\scm\612.jpg
613,0,2025-02-13,46232,59695,1,1,data\raw\TIDS Dataset\TIDS_full_images\healthy\613.jpg,data\raw\TIDS Dataset\TIDS_cropped\healthy\613.jpg
614,0,2025-02-13,443022,422810,2,2,data\raw\TIDS Dataset\TIDS_full_images\healthy\614.jpg,data\raw\TIDS Dataset\TIDS_cropped\healthy\614.jpg
615,0,2025-02-13,157141,36908,1,1,data\raw\TIDS Dataset\TIDS_full_images\healthy\615.jpg,data\raw\TIDS Dataset\TIDS_cropped\healthy\615.jpg
616,0,2025-02-13,50959,199214,1,1,data\raw\TIDS Dataset\TIDS_full_images\healthy\616.jpg,data\raw\TIDS Dataset\TIDS_cropped\healthy\616.jpg
617,1,2025-02-13,19009584,95936,5,1,data\raw\TIDS Dataset\TIDS_full_images\scm\617.jpg,data\raw\TIDS Dataset\TIDS_cropped\scm\617.jpg
618,0,2025-02-13,124510,64113,1,1,data\raw\TIDS Dataset\TIDS_full_images\healthy\618.jpg,data\raw\TIDS Dataset\TIDS_cropped\healthy\618.jpg
619,1,2025-02-13,127308,1114625,1,3,data\raw\TIDS Dataset\TIDS_full_images\scm\619.jpg,data\raw\TIDS Dataset\TIDS_cropped\scm\619.jpg
620,0,2025-02-13,173556,132120,1,1,data\raw\TIDS Dataset\TIDS_full_images\healthy\620.jpg,data\raw\TIDS Dataset\TIDS_cropped\healthy\620.jpg
621,1,2025-02-13,918348,149150,3,1,data\raw\TIDS Dataset\TIDS_full_images\scm\621.jpg,data\raw\TIDS Dataset\TIDS_cropped\scm\621.jpg
622,1,2025-02-13,1149668,120676,3,1,data\raw\TIDS Dataset\TIDS_full_images\scm\622.jpg,data\raw\TIDS Dataset\TIDS_cropped\scm\622.jpg
623,1,2025-02-13,473746,758171,2,3,data\raw\TIDS Dataset\TIDS_full_images\scm\623.jpg,data\raw\TIDS Dataset\TIDS_cropped\scm\623.jpg
624,0,2025-02-13,42668,36674,1,1,data\raw\TIDS Dataset\TIDS_full_images\healthy\624.jpg,data\raw\TIDS Dataset\TIDS_cropped\healthy\624.jpg
625,0,2025-02-13,101816,177161,1,1,data\raw\TIDS Dataset\TIDS_full_images\healthy\625.jpg,data\raw\TIDS Dataset\TIDS_cropped\healthy\625.jpg
626,1,2025-02-13,964456,229099,3,1,data\raw\TIDS Dataset\TIDS_full_images\scm\626.jpg,data\raw\TIDS Dataset\TIDS_cropped\scm\626.jpg
627,1,2025-02-13,30794,1179516,1,3,data\raw\TIDS Dataset\TIDS_full_images\scm\627.jpg,data\raw\TIDS Dataset\TIDS_cropped\scm\627.jpg
